{
  "project_info": {
    "project_number": "359406826225",
    "firebase_url": "https://khojngo-17739-default-rtdb.asia-southeast1.firebasedatabase.app",
    "project_id": "khojngo-17739",
    "storage_bucket": "khojngo-17739.appspot.com"
  },
  "client": [
    {
      "client_info": {
        "mobilesdk_app_id": "1:359406826225:android:3075e7fc9d51de82442f50",
        "android_client_info": {
          "package_name": "com.example.modernlogintute"
        }
      },
      "oauth_client": [
        {
          "client_id": "359406826225-pvs663phto8qsoseii60bmrabh0s4up7.apps.googleusercontent.com",
          "client_type": 1,
          "android_info": {
            "package_name": "com.example.modernlogintute",
            "certificate_hash": "8900376c37892afc2f6364ba190252b3e8754d46"
          }
        },
        {
          "client_id": "359406826225-3jb27ccrcqihjoreip1lb09hnr8ggphg.apps.googleusercontent.com",
          "client_type": 3
        }
      ],
      "api_key": [
        {
          "current_key": "AIzaSyBjZRuSwb5wDzjawNEsjGeSQTDdS9G-5So"
        }
      ],
      "services": {
        "appinvite_service": {
          "other_platform_oauth_client": [
            {
              "client_id": "359406826225-3jb27ccrcqihjoreip1lb09hnr8ggphg.apps.googleusercontent.com",
              "client_type": 3
            },
            {
              "client_id": "359406826225-idq74nm5gid8etlq2esth5eaa3ceenfk.apps.googleusercontent.com",
              "client_type": 2,
              "ios_info": {
                "bundle_id": "com.example.modernlogintute"
              }
            }
          ]
        }
      }
    }
  ],
  "configuration_version": "1"
}